{"type":"Topology","objects":{"states":{"bbox":[-178.21381588399987,18.93288639000015,179.78093509200014,71.40648021],"type":"GeometryCollection","geometries":[{"type":"Polygon","properties":{"name":"Massachusetts"},"id":"USA-3513","arcs":[[0,1,2,3,4,5,6]]},{"type":"Polygon","properties":{"name":"Minnesota"},"id":"USA-3514","arcs":[[7,8,9,10,11,12]]},{"type":"Polygon","properties":{"name":"Montana"},"id":"USA-3515","arcs":[[13,14,15,16,17]]},{"type":"Polygon","properties":{"name":"North Dakota"},"id":"USA-3516","arcs":[[-12,18,-14,19]]},{"type":"MultiPolygon","properties":{"name":"Hawaii"},"id":"USA-3517","arcs":[[[20]],[[21]],[[22]],[[23]],[[24]],[[25]]]},{"type":"Polygon","properties":{"name":"Idaho"},"id":"USA-3518","arcs":[[26,27,28,29,30,31,32,-17]]},{"type":"MultiPolygon","properties":{"name":"Washington"},"id":"USA-3519","arcs":[[[33]],[[34,35,-32,36]]]},{"type":"Polygon","properties":{"name":"Arizona"},"id":"USA-3520","arcs":[[37,38,39,40,41]]},{"type":"MultiPolygon","properties":{"name":"California"},"id":"USA-3521","arcs":[[[42]],[[43]],[[44,45,-40,46]]]},{"type":"Polygon","properties":{"name":"Colorado"},"id":"USA-3522","arcs":[[47,48,49,50,51,52]]},{"type":"Polygon","properties":{"name":"Nevada"},"id":"USA-3523","arcs":[[-41,-46,53,-29,54]]},{"type":"Polygon","properties":{"name":"New Mexico"},"id":"USA-3524","arcs":[[55,56,57,-38,-50,58]]},{"type":"Polygon","properties":{"name":"Oregon"},"id":"USA-3525","arcs":[[-35,59,-30,-54,-45,60]]},{"type":"Polygon","properties":{"name":"Utah"},"id":"USA-3526","arcs":[[61,-51,-42,-55,-28]]},{"type":"Polygon","properties":{"name":"Wyoming"},"id":"USA-3527","arcs":[[62,-52,-62,-27,-16,63]]},{"type":"Polygon","properties":{"name":"Arkansas"},"id":"USA-3528","arcs":[[64,65,66,67,68,69,70]]},{"type":"Polygon","properties":{"name":"Iowa"},"id":"USA-3529","arcs":[[71,72,73,74,-10,75]]},{"type":"Polygon","properties":{"name":"Kansas"},"id":"USA-3530","arcs":[[76,-48,77,78]]},{"type":"Polygon","properties":{"name":"Missouri"},"id":"USA-3531","arcs":[[79,80,81,-71,82,-79,83,-73]]},{"type":"Polygon","properties":{"name":"Nebraska"},"id":"USA-3532","arcs":[[-74,-84,-78,-53,-63,84]]},{"type":"Polygon","properties":{"name":"Oklahoma"},"id":"USA-3533","arcs":[[-70,85,86,87,88,89,-59,-49,-77,-83]]},{"type":"Polygon","properties":{"name":"South Dakota"},"id":"USA-3534","arcs":[[-11,-75,-85,-64,-15,-19]]},{"type":"MultiPolygon","properties":{"name":"Louisiana"},"id":"USA-3535","arcs":[[[90]],[[91,92,-67,93]]]},{"type":"MultiPolygon","properties":{"name":"Texas"},"id":"USA-3536","arcs":[[[94]],[[-93,95,-57,96,-89,97,-87,98,-68]]]},{"type":"Polygon","properties":{"name":"Connecticut"},"id":"USA-3537","arcs":[[99,-3,100]]},{"type":"Polygon","properties":{"name":"New Hampshire"},"id":"USA-3538","arcs":[[101,102,103,104,-6,105]]},{"type":"Polygon","properties":{"name":"Rhode Island"},"id":"USA-3539","arcs":[[106,-1]]},{"type":"Polygon","properties":{"name":"Vermont"},"id":"USA-3540","arcs":[[107,108,109,110,-102]]},{"type":"Polygon","properties":{"name":"Alabama"},"id":"USA-3541","arcs":[[111,112,113,114,115,116]]},{"type":"Polygon","properties":{"name":"Florida"},"id":"USA-3542","arcs":[[117,-113,118]]},{"type":"Polygon","properties":{"name":"Georgia"},"id":"USA-3543","arcs":[[119,-119,-112,120,121,122]]},{"type":"Polygon","properties":{"name":"Mississippi"},"id":"USA-3544","arcs":[[-115,123,-94,-66,124]]},{"type":"Polygon","properties":{"name":"South Carolina"},"id":"USA-3545","arcs":[[125,-123,126]]},{"type":"Polygon","properties":{"name":"Illinois"},"id":"USA-3546","arcs":[[127,128,129,-80,-72,130]]},{"type":"Polygon","properties":{"name":"Indiana"},"id":"USA-3547","arcs":[[131,132,133,134,-129]]},{"type":"Polygon","properties":{"name":"Kentucky"},"id":"USA-3548","arcs":[[135,136,-81,-130,-135,137,138,139,140]]},{"type":"Polygon","properties":{"name":"North Carolina"},"id":"USA-3549","arcs":[[141,-127,-122,142,143],[144,145]]},{"type":"Polygon","properties":{"name":"Ohio"},"id":"USA-3550","arcs":[[146,-139,147,-133,148,149,150]]},{"type":"Polygon","properties":{"name":"Tennessee"},"id":"USA-3551","arcs":[[-65,-82,-137,151,-143,152,-116,-125]]},{"type":"MultiPolygon","properties":{"name":"Virginia"},"id":"USA-3552","arcs":[[[153,154]],[[155,156,-145,157,-144,-152,-136,158,159]]]},{"type":"Polygon","properties":{"name":"Wisconsin"},"id":"USA-3553","arcs":[[160,-131,-76,-9]]},{"type":"Polygon","properties":{"name":"West Virginia"},"id":"USA-3554","arcs":[[161,-160,162,-140,-147,163]]},{"type":"Polygon","properties":{"name":"Delaware"},"id":"USA-3555","arcs":[[164,165,166]]},{"type":"Polygon","properties":{"name":"District of Columbia"},"id":"USA-3556","arcs":[[167,168]]},{"type":"Polygon","properties":{"name":"Maryland"},"id":"USA-3557","arcs":[[-154,169,-168,-156,-162,170,-166,171]]},{"type":"Polygon","properties":{"name":"New Jersey"},"id":"USA-3558","arcs":[[172,173,174,175]]},{"type":"MultiPolygon","properties":{"name":"New York"},"id":"USA-3559","arcs":[[[176]],[[-4,-100,177,-173,178,179,180,-110,181,182]]]},{"type":"Polygon","properties":{"name":"Pennsylvania"},"id":"USA-3560","arcs":[[-167,-171,-164,-151,183,-180,184,-175,185]]},{"type":"Polygon","properties":{"name":"Maine"},"id":"USA-3561","arcs":[[-104,186]]},{"type":"Polygon","properties":{"name":"Michigan"},"id":"USA-3562","arcs":[[-149,-132,-128,-161,-8,187]]},{"type":"MultiPolygon","properties":{"name":"Alaska"},"id":"USA-3563","arcs":[[[188]],[[189]],[[190]],[[191]],[[192]],[[193]],[[194]],[[195]],[[196]],[[197]],[[198]],[[199]],[[200]],[[201]],[[202]],[[203]],[[204]],[[205]],[[206]],[[207]],[[208]],[[209]],[[210]],[[211]],[[212]],[[213]],[[214]],[[215]],[[216]],[[217]],[[218]],[[219]],[[220]],[[221]]]}]}},"arcs":[[[2988,4340],[-3,17],[-1,42],[-12,-1]],[[2972,4398],[-28,4]],[[2944,4402],[-19,4]],[[2925,4406],[0,5],[6,127]],[[2931,4538],[55,-9]],[[2986,4529],[4,21],[10,13]],[[3000,4563],[1,-42],[-8,-57],[3,-22],[3,8],[6,-37],[3,-53],[7,-19],[9,15],[0,-23],[-13,-8],[-7,-10],[0,20],[-13,-32],[-2,31],[-1,6]],[[2478,5538],[-13,-135]],[[2465,5403],[-19,4],[-23,-73],[-14,-37],[-4,7],[-5,-21],[0,-109],[-12,-33],[-5,-37],[0,-27],[4,-3],[2,-22],[-2,-28],[0,-71],[-2,-32],[7,-29],[5,-5],[3,-22],[5,-5],[8,-49],[4,-20],[7,-10],[4,-20],[1,-79]],[[2429,4682],[-45,-1],[-55,0],[-45,0]],[[2284,4681],[0,210],[0,133],[-7,21],[-5,37],[6,31],[3,34]],[[2281,5147],[-2,72],[-5,61],[1,53],[-2,16],[-1,92],[-7,130],[-1,70],[2,22],[-4,65]],[[2262,5728],[57,0],[1,72],[9,-15],[3,-92],[4,-16],[7,-2],[3,-12],[10,-3],[3,-23],[7,5],[7,17],[8,-2],[9,-16],[7,-58],[3,15],[7,5],[2,-21],[6,-7],[2,-18],[7,-11],[4,5],[10,31],[4,-24],[7,-3],[10,6],[5,-20],[14,-3]],[[2072,5728],[0,-195],[0,-127],[0,-259]],[[2072,5147],[0,-180],[-1,0]],[[2071,4967],[-48,0],[-58,0],[-39,0],[-50,0],[0,-96]],[[1876,4871],[-7,45],[-4,-2],[-2,-33],[-20,4],[-4,-19],[-9,7],[-4,-24],[-4,15],[-2,37],[-4,29],[-4,-2],[-4,27],[1,12],[-7,58],[-3,53],[-4,21],[-11,-40],[-6,17],[0,40],[5,22],[-2,20],[0,51],[3,50],[-1,28],[-5,-6],[-2,14],[-8,23],[0,15],[-12,66],[-10,32],[0,51],[-10,58],[0,188]],[[1736,5728],[43,0],[25,0],[36,0],[50,0],[36,0],[56,0],[36,0],[54,0]],[[2281,5147],[-39,0],[-39,0],[-39,0],[-46,0],[-46,0]],[[2072,5728],[45,0],[55,0],[31,0],[59,0]],[[631,230],[8,-18],[7,-35],[0,-26],[7,-47],[-4,-27],[-9,-15],[-6,-23],[-5,-39],[-5,18],[-1,21],[1,37],[-5,76],[6,55],[-1,16],[0,30],[4,-3],[3,-20]],[[595,343],[-2,22],[3,13],[2,-20],[-3,-15]],[[604,399],[3,-23],[5,9],[8,-29],[0,-22],[-8,-20],[-3,1],[-2,37],[-4,5],[-2,21],[3,21]],[[586,436],[9,-11],[1,-21],[-6,9],[-5,-2],[1,25]],[[568,508],[1,-26],[5,-30],[-4,-10],[-3,14],[-5,-6],[-4,36],[0,19],[3,1],[5,22],[2,-20]],[[526,628],[2,-16],[-1,-36],[-3,-17],[-4,5],[-5,16],[2,34],[4,14],[5,0]],[[1876,4871],[0,-267],[0,-209]],[[1876,4395],[-37,0],[-47,1]],[[1792,4396],[-46,-1],[-37,0]],[[1709,4395],[0,177],[0,164],[4,76],[-3,16],[-6,5],[0,36],[5,51],[5,32],[6,81],[5,45],[-2,32],[-7,17]],[[1716,5127],[-5,51],[1,15]],[[1712,5193],[-3,37],[0,136],[0,183],[0,179]],[[1709,5728],[27,0]],[[1554,5613],[-2,-31],[7,-40],[-5,-6],[-5,50],[5,27]],[[1713,5158],[-29,0],[-30,0],[-3,-10],[-14,-5],[-17,-35],[-11,-2],[-8,-17],[-8,-1],[-3,14],[-14,3],[-13,-30],[-14,18],[-1,61],[-3,24],[-8,14]],[[1537,5192],[-3,-5],[-5,23],[-6,6],[-7,-10],[-4,20],[5,16],[0,54],[-5,3],[2,46],[-5,11],[-1,35],[-3,25],[-3,74],[-6,31],[-2,50],[4,38],[15,-36],[22,-12],[4,6],[9,-12],[5,-37],[-6,-21],[2,-21],[5,45],[3,-29],[-4,-12],[3,-33],[-2,-48],[-8,9],[-4,-28],[8,-15],[5,36],[6,22],[-2,35],[0,39],[2,31],[3,8],[-3,20],[-2,42],[-4,12],[3,39],[-3,36],[-3,-1],[-5,36],[2,8],[46,0],[24,0],[56,0],[34,0]],[[1712,5193],[1,-35]],[[1932,3443],[0,-135],[0,-203],[0,-135],[0,-202],[0,-203],[0,-203]],[[1932,2362],[-26,0],[-31,1],[-35,75],[-45,97],[-24,50],[3,48],[5,-2]],[[1779,2631],[1,47],[-6,20],[-1,62],[3,4],[4,55],[-1,41],[4,35],[7,29],[0,10],[-7,26],[-3,55],[-4,24],[0,23]],[[1776,3062],[2,36],[-3,62],[0,68],[-2,42],[5,13],[6,-4],[3,-22],[3,4],[2,33],[0,149]],[[1792,3443],[44,0],[35,0],[39,0],[22,0]],[[1667,2771],[4,-13],[-2,-16],[-2,29]],[[1625,2876],[1,-16],[-3,-9],[-3,15],[5,10]],[[1508,4395],[23,0],[36,0],[37,0],[22,0]],[[1626,4395],[0,-314],[0,-257],[33,-156],[19,-94],[21,-105],[34,-177],[27,-147],[16,-83]],[[1779,2631],[-6,-5],[-30,-16],[-37,-19],[-1,27],[-2,6],[0,35],[-2,42],[-5,43],[-17,76],[-3,7],[-6,-5],[1,18],[-4,38],[-8,-7],[-11,28],[-2,21],[-9,31],[-8,-2],[-7,12],[-9,-4],[-5,26],[1,22],[-2,39],[1,44],[-7,21],[1,30],[-4,10],[-5,34],[-3,5],[-12,102],[-5,20],[-1,36],[3,36],[1,24],[-4,33],[-6,-1],[-7,42],[0,31],[-3,33],[0,48],[3,5],[1,-39],[6,-5],[0,16],[-5,23],[-2,36],[4,19],[-4,15],[-3,-9],[-1,-55],[-10,41],[-2,45],[-4,35],[-6,22],[-11,67],[1,21],[-4,61],[2,38],[-3,55],[-7,52],[-7,29],[-1,35],[3,39],[2,10],[3,65],[1,75],[-2,57],[-3,8],[1,42]],[[2127,4014],[0,-125],[0,-214],[1,-232]],[[2128,3443],[-27,0]],[[2101,3443],[-42,0],[-48,0],[-37,0],[-42,0]],[[1932,3443],[0,262],[0,262],[0,238]],[[1932,4205],[22,0],[35,0],[35,0],[47,0]],[[2071,4205],[21,0],[35,0],[0,-191]],[[1626,4395],[36,0],[47,0]],[[1792,4396],[0,-268],[0,-268],[0,-179],[0,-238]],[[2101,3348],[-1,-1]],[[2100,3347],[-1,-221],[0,-265],[0,-185],[0,-186],[-50,0],[-51,0],[2,-33]],[[2000,2457],[-15,-10],[-30,1],[0,-86],[-23,0]],[[2101,3443],[0,-95]],[[1713,5158],[3,-31]],[[1508,4395],[-4,22],[-2,41],[1,64],[-4,35],[3,35],[2,59],[2,3],[4,100],[2,139],[0,41],[3,62],[0,38],[2,28],[-2,51],[1,60],[12,30],[3,-17],[6,6]],[[1876,4395],[0,-190],[56,0]],[[2071,4586],[0,-167],[0,-214]],[[2071,4967],[0,-214],[0,-167]],[[2472,3252],[0,-32],[-6,-18],[0,-36],[-5,-31],[0,-50],[-6,-23]],[[2455,3062],[1,-15],[-5,-18],[-4,-36],[0,-41],[-4,-14],[-6,-37],[1,-23],[-4,-8],[1,-34],[-5,-24],[2,-11],[-2,-19],[2,-10],[-1,-30],[2,-33],[-2,-26]],[[2431,2683],[-20,0],[-35,0],[-25,0]],[[2351,2683],[0,103],[-4,8],[-6,-6]],[[2341,2788],[-2,16]],[[2339,2804],[1,331],[-5,212]],[[2335,3347],[23,0],[46,0],[30,0],[25,0],[3,-40],[-6,-32],[-3,-25],[19,2]],[[2446,4493],[5,-26],[2,-25],[6,-24],[-1,-58],[-4,-40],[-10,-29],[-8,-3],[-2,-47],[3,-22],[0,-24],[-6,-56],[-6,-11],[0,-39],[-1,-2]],[[2424,4087],[-8,45],[-39,-7],[-38,-1],[-36,5]],[[2303,4129],[-2,37],[-1,98],[-2,30],[-4,16],[0,47],[-2,36],[-6,42],[-1,55],[-2,4]],[[2283,4494],[-5,45],[6,70],[-3,20],[3,52]],[[2429,4682],[5,-43],[-3,-22],[1,-48],[3,-32],[9,-17],[2,-27]],[[2335,3443],[-39,0],[-32,0],[-52,0],[-38,0],[-46,0]],[[2127,4014],[30,0],[41,0],[30,0],[41,0],[46,0]],[[2315,4014],[7,-25],[4,7],[2,-16],[-7,-55],[6,-28],[2,-32],[6,-12],[0,-240],[0,-170]],[[2424,4087],[-3,-39],[2,-59],[3,-30],[9,-49],[6,-25],[2,-23],[1,-39],[4,-22],[4,17],[8,-26],[-2,-37],[-5,-64],[1,-18],[7,-37],[5,-12],[10,-48],[3,-49],[-2,-33],[7,-51],[4,-4]],[[2488,3439],[0,-47],[-3,-31],[-3,13],[-2,-27]],[[2480,3347],[-2,1],[-2,-1],[1,-22],[-3,-8],[1,-38],[-3,-27]],[[2335,3347],[0,96]],[[2315,4014],[-8,66],[-4,49]],[[2071,4586],[30,0],[42,0],[53,0],[31,0],[11,-38],[4,-3],[3,17],[4,-4],[11,7],[5,-19],[11,-21],[3,-28],[4,-3]],[[2339,2804],[-11,21]],[[2328,2825],[-3,20],[-7,19],[-4,-18],[-6,16],[-8,-19],[-2,8],[-10,-25]],[[2288,2826],[-19,34]],[[2269,2860],[-4,-41],[-3,35],[-4,-15],[-9,29],[-3,-18],[-4,1],[0,19],[-4,6],[0,21],[-8,0],[-3,-12],[-3,15],[-4,-3],[-6,14],[-7,4],[-2,35],[-12,-4],[-5,33],[-3,2],[0,162],[-1,204],[-50,0]],[[2134,3347],[-33,1]],[[2414,2012],[-7,15],[3,15],[6,-13],[-2,-17]],[[2477,2146],[-5,-4],[-1,12],[-6,5],[-3,19],[-4,5],[-6,-47],[2,-15],[9,-4],[4,21],[1,-30],[6,-22],[4,38],[4,-43],[-3,-5],[-7,-36],[1,-22],[4,-10],[0,-15],[9,-7],[5,-40],[-4,-22],[-5,0],[-4,38],[-7,22],[-2,25],[-7,-3],[1,-18],[-1,-36],[-5,-17],[0,30],[-5,20],[-4,-12],[-4,-32],[-10,15],[-7,19],[2,15],[-1,21],[-7,9],[-4,42],[-5,-7],[0,22],[-8,-14],[1,-26],[-5,-17],[-11,13],[-14,33],[-8,-1],[-10,-13],[-2,20],[3,10],[0,24]],[[2358,2106],[2,18],[-1,60],[1,33],[4,48],[2,42],[-5,55],[1,8],[-5,41],[0,24],[-2,33],[-4,22],[0,193]],[[2431,2683],[3,-17],[-2,-12],[-1,-45],[2,-33],[5,-21],[-5,-62],[-6,-30],[-3,-54],[-3,-14],[0,-42],[-3,-2],[2,-41],[-2,-11],[26,0],[27,0],[-3,-60],[5,-43],[1,-30],[3,-20]],[[2268,1703],[3,44],[2,-6],[-5,-38]],[[2358,2106],[-2,0],[-2,-40],[-4,-18],[-14,-29],[-5,-1],[1,43],[-2,6],[-2,-22],[-3,2],[-1,-25],[3,-32],[-7,-43],[0,-20],[-6,-31],[-7,-23],[-6,-6],[-10,-27],[-3,17],[-6,-25],[3,-21],[-11,-37],[-6,-38],[-5,-39],[-5,-2],[3,-28],[-5,-78],[-1,-48],[-2,-2],[0,-35],[2,-10],[1,-45],[0,-22],[3,-15],[2,-73],[-5,-20],[-5,29],[-5,11],[-12,2],[-4,23],[-7,9],[-5,24],[-8,7],[-2,26],[-2,54],[-6,44],[0,29],[-1,25],[-1,45],[-5,16],[-5,28],[0,18],[-6,48],[-5,27],[-4,57],[-6,63],[-1,36],[-4,30],[-6,23],[0,13],[-6,18],[-5,40],[-16,10],[-3,-3],[-6,18],[-3,-23],[-7,-6],[-3,-29],[-3,-60],[1,-9],[-8,-47],[-5,4],[-6,28],[-4,4],[-3,20],[-8,12],[-6,36],[-7,27],[-4,52],[0,48],[-5,41],[-1,27],[-3,24],[-10,33],[-7,42],[-5,21],[-6,41],[-5,10],[-5,51],[-7,21]],[[2100,3347],[34,0]],[[2269,2860],[13,-30],[6,-4]],[[2328,2825],[11,-22],[2,-15]],[[2921,4205],[-3,20],[7,21],[-2,15],[2,145]],[[2944,4402],[0,-5],[1,5],[27,-2],[0,-116],[-2,-16],[-13,-4],[-5,-10],[-7,2],[-11,-19],[-13,-32]],[[2954,4534],[-3,29],[2,21],[2,59],[1,44],[5,49],[4,68],[0,26],[11,32],[3,28],[-2,28],[3,29],[0,23]],[[2980,4970],[4,43],[7,2],[2,-112]],[[2993,4903],[3,-210],[-1,-34]],[[2995,4659],[8,-61],[-3,-35]],[[2986,4529],[-32,5]],[[2988,4340],[-3,7],[-4,-72],[-10,-11],[1,40],[0,94]],[[2954,4534],[-23,4],[1,153]],[[2932,4691],[-4,38]],[[2928,4729],[-2,58],[3,34],[1,45],[-2,20],[1,82]],[[2929,4968],[51,2]],[[2587,3059],[7,-243],[4,-146],[3,-63],[5,-64],[-4,-27],[-2,-60],[2,-55],[-2,-50],[3,-52]],[[2603,2299],[-44,0],[-28,0],[-1,-24],[6,-43],[0,-32]],[[2536,2200],[-5,-39],[-5,8],[-4,21],[-1,45],[-3,-1],[-2,-61],[-8,10]],[[2508,2183],[-2,286],[5,256],[4,200],[2,119],[-2,17]],[[2515,3061],[18,2],[22,-3]],[[2555,3060],[32,-1]],[[2701,2245],[2,-6],[-2,-28],[3,-45],[5,-107],[8,-128],[9,-79],[-4,-8],[0,25],[-3,9],[4,-79],[10,-135],[1,-29],[7,-103],[1,-31],[-1,-100],[-2,-73],[-5,-78],[0,-23],[-3,-23],[-4,-2],[-4,-18],[-4,8],[-6,-13],[-3,21],[1,31],[-5,74],[-8,29],[-5,31],[-1,61],[-6,21],[-1,29],[1,36],[-4,-12],[-3,9],[-6,69],[-2,35],[-2,9],[3,39],[4,28],[0,23],[-4,0],[-4,18],[-1,-16],[3,-9],[-1,-34],[-3,9],[-3,23],[3,45],[-1,17],[4,48],[0,72],[-3,35],[-1,32],[-6,0],[-6,45],[-5,23],[0,25],[-3,10],[-5,39],[-9,35],[-7,-1],[-5,-18],[-2,-16],[-8,-27],[-2,5],[-4,-17],[-8,-5],[0,20],[-5,50],[-7,26],[0,-11],[-10,50],[-5,19],[-9,-15],[-8,-2],[-4,21],[-4,-9],[-5,-29],[-2,10],[0,20]],[[2603,2299],[4,-53],[18,-7],[34,-14],[22,-9],[1,-37],[4,1],[1,41],[-1,28],[4,16],[11,-20]],[[2718,2496],[2,-5],[-8,-51],[-2,-4],[-5,-53],[3,-31],[-7,-38],[2,-10],[-2,-32],[0,-27]],[[2587,3059],[35,0]],[[2622,3059],[34,3]],[[2656,3062],[-5,-35],[-2,-21],[9,-40],[5,-7],[4,-53],[4,-41],[9,-41],[2,-23],[7,-30],[0,-22],[5,-39],[7,-22],[3,-56],[0,-23],[6,-27],[2,-31],[-1,-24],[2,-20],[5,-11]],[[2508,2183],[-1,-12],[-4,13],[-4,-8],[-3,13],[-13,-22],[-6,-21]],[[2455,3062],[29,-1],[31,0]],[[2783,2849],[-10,-46],[-6,-43],[-1,-44],[-19,-81],[-4,-27],[-9,-25],[-4,-2],[0,-30],[-6,-20],[-6,-35]],[[2656,3062],[20,41],[37,-12],[4,-9],[4,-28],[0,-26],[32,-5],[30,-174]],[[2547,4490],[-5,-140]],[[2542,4350],[-9,0],[0,-202],[0,-255],[-3,-12],[-1,-35],[4,-28],[0,-39],[-3,-47],[-4,-11],[-2,-32],[-3,1],[1,-26],[-4,-21],[0,-47]],[[2518,3596],[-3,-31],[1,-32],[-9,-12],[-1,-27],[2,-19],[-2,-18],[-12,28],[-3,-3],[-4,-27],[1,-16]],[[2446,4493],[25,-1],[54,-3],[22,1]],[[2542,4350],[26,0],[41,-1],[0,-11]],[[2609,4338],[0,-186],[0,-139],[-1,-171]],[[2608,3842],[-1,-33]],[[2607,3809],[2,-25],[-11,-19],[-7,7],[1,-36],[-6,-20],[-1,-24],[-4,-4],[-3,-43],[-4,-17],[-8,33],[-5,-24],[0,-17],[-6,-5],[-2,17],[-10,-28],[-7,19],[-5,-17],[-8,14],[-2,-28],[-3,4]],[[2688,3545],[-11,-49],[-7,-22],[-7,-51],[-6,-12],[-1,-16],[-15,-28]],[[2641,3367],[-2,-3],[-39,7],[-26,2],[-11,5],[-39,-3],[-6,9],[1,-37],[-39,0]],[[2607,3809],[1,32],[3,10],[3,-12],[5,4]],[[2619,3843],[3,-14],[4,-41],[9,-9],[4,-24],[5,13],[7,-20],[5,5],[7,22],[1,-30],[7,-32]],[[2671,3713],[-1,-51],[4,-35],[5,-53],[5,-24]],[[2684,3550],[4,-5]],[[2854,3357],[4,-48],[0,-16],[-18,-38],[-5,5],[0,-18],[17,10],[2,-21],[5,17],[4,-28],[-1,-36],[-4,-12],[-7,-44],[-10,8],[-3,10],[-2,-17],[5,-8],[-3,-23],[1,-38],[7,-18],[-6,-31],[-10,1],[-9,-17],[-9,-35],[-8,-49],[-2,-48],[-4,-12],[-6,6],[-9,-8]],[[2622,3059],[2,51],[5,1],[2,32],[7,25],[7,2],[12,42],[3,0],[6,40],[4,11],[1,-17],[5,24],[6,13],[3,-12],[4,37],[5,18],[3,42]],[[2697,3368],[12,-7],[32,-6],[39,1],[39,0],[35,1]],[[2855,3357],[1,0]],[[2856,3357],[1,0],[-2,0]],[[2729,4138],[-5,-11],[2,-23],[0,-35],[-7,-98],[0,-27],[-10,-44],[-7,0],[-3,-24],[-5,-15],[0,-49],[-8,12],[-5,-41],[1,-33],[-2,-3],[-2,-29],[-7,-5]],[[2619,3843],[-11,-1]],[[2609,4338],[39,7],[8,39]],[[2656,4384],[1,-18],[10,-31],[8,-1],[33,101],[21,22]],[[2729,4457],[0,-120],[0,-199]],[[2641,3367],[48,-1],[8,2]],[[2622,3059],[-32,0],[-35,1]],[[2865,3627],[7,9]],[[2872,3636],[-3,-35],[-9,-72],[-3,24],[6,43],[2,31]],[[2806,3887],[8,-17],[-1,-17],[11,-42]],[[2824,3811],[2,-14],[0,-27],[-5,-12],[-3,-39],[2,-23],[6,-4],[4,-25],[8,-5],[2,-24],[8,-23],[-4,-69],[4,-18],[-3,-12],[-1,-29],[3,-19],[0,-33],[8,-9],[4,-69],[-1,0],[-2,0]],[[2855,3357],[-1,0]],[[2688,3545],[1,-30]],[[2689,3515],[3,-18],[8,-14],[6,23],[3,-17],[8,10],[3,25],[3,-8],[5,16],[3,-7],[4,15],[0,33],[2,25],[6,36],[3,33],[3,20],[4,59],[4,-21],[6,-11],[8,80],[3,-11],[4,28],[5,11],[4,34],[3,54],[14,-59],[2,36]],[[2465,5403],[-13,-134],[5,-14],[4,-32],[27,-37],[8,-21],[9,-2],[9,-13],[4,-33],[7,-19],[-1,-63],[5,-1],[-2,-32],[8,-20],[1,24],[9,46],[9,0],[15,-40],[-6,-23],[-7,-51],[-8,-129],[-4,-77],[-1,-54],[4,-188]],[[2758,3961],[-1,-97],[6,18],[6,34],[3,-6],[5,35],[3,-17],[7,1],[0,14],[8,14],[7,-26],[4,-44]],[[2689,3515],[0,27],[-5,8]],[[2729,4138],[0,-177],[29,0]],[[2871,3978],[-5,-37],[0,-29],[5,-28],[1,-50],[6,-49],[4,-65],[-19,1]],[[2863,3721],[-2,240]],[[2861,3961],[5,23],[5,-6]],[[2824,3811],[2,12],[3,-20]],[[2829,3803],[-3,-17],[-2,25]],[[2865,3627],[-5,14],[-1,34],[-7,15],[-5,24],[3,23],[-1,50],[2,59],[-4,7],[2,40],[-6,-7],[1,-59],[-4,-25],[1,-68],[3,-27],[-1,-12],[3,-35],[-1,-16],[-6,27],[-8,11],[-5,39],[-5,-18],[-1,24],[6,39],[3,37]],[[2758,3961],[29,0],[26,0],[48,0]],[[2863,3721],[17,-1],[-1,-41],[-3,-2],[-4,-41]],[[2891,4273],[22,-70]],[[2913,4203],[-3,-53],[-5,-15],[-2,-26],[7,-14],[2,-18],[-2,-41],[-5,-70],[1,-9],[-6,-37],[-10,-86],[-8,31],[-3,-5],[-11,55],[-1,27],[4,30],[8,19],[3,27],[8,28]],[[2890,4046],[-10,75],[-2,2],[0,36],[3,25],[-2,18]],[[2879,4202],[12,71]],[[2960,4231],[-5,-14],[1,-13],[6,11],[2,-10],[-9,-26],[-13,-23],[-10,-5],[-13,-26],[-3,13],[-5,-15],[-1,13],[3,29],[8,21],[11,1],[2,11],[16,5],[7,29],[3,-1]],[[2921,4205],[-5,-31],[-3,29]],[[2891,4273],[-5,17]],[[2886,4290],[-5,32],[0,41],[-5,10],[-3,22],[-35,0],[-42,0],[-46,0],[0,103]],[[2750,4498],[21,50],[2,28],[-3,13],[0,47],[-4,39],[14,31],[51,-1],[2,4],[9,84],[8,30],[3,20],[6,11],[4,33],[12,54],[12,28],[3,-2],[39,1]],[[2928,4729],[-1,-19],[5,-19]],[[2932,4691],[-1,-153]],[[2729,4457],[7,8],[14,33]],[[2886,4290],[5,-17],[-12,-71]],[[2890,4046],[-11,-37],[0,-13],[-8,-18]],[[2993,4903],[-1,122],[7,1],[4,50],[8,31],[4,42],[-1,22],[3,55],[3,12],[2,54],[21,140],[5,-1],[1,-35],[4,-11],[20,28],[6,-27],[5,-31],[0,-205],[0,-49],[10,-17],[-1,-63],[3,-22],[5,4],[4,-41],[-1,-29],[-4,-34],[-10,-20],[-5,0],[-9,-29],[-1,18],[-12,-15],[0,-31],[-7,25],[-1,21],[-4,-11],[1,-17],[-4,-37],[0,-16],[-5,-24],[-3,21],[-3,-36],[-5,9],[-4,-30],[-6,22],[-6,-30],[1,-26],[-4,-2],[0,-21],[-7,-32],[-2,-34],[-2,-2],[-2,30],[-5,27]],[[2478,5538],[4,-2],[20,52],[8,8],[48,-129],[49,-138],[3,-51],[5,-30],[13,10],[-1,-18],[2,-44],[3,-26],[10,10],[4,-24],[-3,-33],[28,-85],[1,-15],[7,-200],[4,-120],[0,-12],[-7,-95],[-3,-77],[-8,-44],[-7,-16],[-2,-18],[0,-57]],[[10,6273],[-3,-17],[-7,21],[7,10],[3,-14]],[[46,6294],[-1,-20],[5,-20],[-5,-13],[-8,7],[5,46],[4,0]],[[9996,6278],[-5,7],[4,23],[4,-13],[-3,-17]],[[129,6330],[3,-24],[-10,3],[-1,18],[8,3]],[[114,6377],[4,-16],[-3,-33],[-8,-6],[-10,-18],[1,21],[10,15],[0,30],[6,7]],[[9807,6492],[6,-1],[6,-15],[-6,-25],[-5,-7],[-8,23],[0,26],[7,-1]],[[285,6600],[6,-9],[-2,-26],[-12,-27],[-5,-38],[-9,-25],[-3,5],[4,47],[4,17],[7,-1],[0,36],[10,21]],[[320,6677],[7,-35],[7,-19],[-8,-12],[-5,-22],[-27,-48],[-1,23],[11,7],[6,19],[2,46],[-3,19],[4,20],[7,2]],[[345,6715],[-1,-26],[-6,16],[4,19],[3,-9]],[[355,6734],[2,-14],[-4,-17],[-3,24],[5,7]],[[404,6884],[5,0],[9,-72],[-10,-13],[-15,2],[-7,-36],[-7,-8],[-6,6],[-3,31],[7,17],[5,39],[9,3],[2,12],[11,19]],[[1261,6908],[3,-45],[7,-33],[-4,-6],[-5,25],[-5,43],[4,16]],[[1309,6896],[-2,-21],[-5,-3],[0,49],[7,-25]],[[1313,7053],[7,-47],[0,-53],[-7,-45],[-13,30],[-4,23],[5,17],[-2,36],[4,32],[10,7]],[[1252,7094],[-6,-46],[-5,5],[3,23],[8,18]],[[1277,7100],[4,5],[7,-21],[-1,-26],[-5,-11],[-4,29],[-7,10],[1,21],[5,-7]],[[1246,7130],[12,-3],[4,-32],[-1,-22],[6,-2],[6,-21],[8,-55],[-2,-43],[5,0],[8,-40],[0,-79],[-1,-19],[-9,10],[-1,37],[-4,-6],[0,39],[-8,15],[-1,15],[-11,2],[2,42],[-7,25],[2,25],[5,11],[-3,15],[-1,51],[-8,3],[-1,32]],[[1273,7148],[0,-31],[-6,-7],[-6,19],[4,20],[8,-1]],[[1287,7130],[4,-2],[-1,-38],[-9,26],[6,14]],[[1266,7216],[10,-38],[-7,-20],[-4,4],[1,54]],[[1235,7228],[8,-50],[-4,-3],[-3,-94],[-7,-6],[-2,57],[7,12],[-10,58],[0,22],[8,13],[3,-9]],[[1241,7268],[11,-15],[8,1],[3,-13],[2,-55],[-6,-2],[0,-33],[-13,-3],[-4,69],[-7,49],[6,2]],[[1191,7300],[-2,-44],[-6,-4],[0,64],[8,-16]],[[1196,7339],[3,7],[8,-16],[4,-27],[7,-101],[-1,-76],[-7,0],[-6,52],[-2,43],[-5,23],[1,58],[-6,-3],[-4,23],[8,17]],[[704,7431],[7,-20],[4,21],[8,-21],[-4,-32],[9,-7],[-5,-36],[-9,-25],[-12,-16],[-5,4],[-10,-41],[2,-7],[-12,-45],[-4,7],[4,23],[-5,12],[-2,-13],[-8,17],[-1,35],[-7,33],[8,44],[8,19],[10,-6],[-2,31],[6,18],[10,-35],[10,40]],[[1187,7488],[22,-38],[-3,-31],[3,-21],[3,-49],[-7,-6],[-16,45],[2,-48],[-8,-11],[-8,48],[2,8],[-9,29],[2,38],[-2,18],[16,27],[3,-9]],[[1209,7516],[7,-40],[14,0],[5,-43],[-6,-19],[8,-42],[2,-51],[-20,-62],[-2,32],[5,38],[-5,39],[-4,98],[-4,18],[0,32]],[[715,7534],[7,-22],[3,11],[8,-23],[-2,-23],[-5,6],[-16,-40],[-12,34],[5,26],[7,-4],[1,25],[4,10]],[[869,7893],[5,-8],[-16,-71],[1,-12],[-13,-16],[6,39],[14,47],[3,21]],[[338,7900],[3,-13],[9,-4],[-1,-45],[3,-30],[-10,-4],[-8,-15],[-10,9],[-20,43],[-3,25],[16,0],[2,15],[19,19]],[[885,7915],[11,-6],[-13,-37],[-3,34],[5,9]],[[853,7921],[2,-12],[-5,-50],[-4,12],[7,50]],[[183,8549],[5,-36],[15,-7],[8,19],[10,5],[7,-32],[16,-35],[21,-6],[-2,-27],[-14,4],[-12,-25],[-14,42],[-17,34],[-7,-3],[-10,-24],[-8,11],[-3,27],[5,53]],[[608,9999],[-4,-10],[27,-32],[1,-22],[-14,-18],[5,-29],[10,8],[10,49],[10,-4],[7,-19],[-1,-32],[14,-8],[6,20],[17,6],[27,-14],[-5,-32],[1,-25],[21,0],[-7,-20],[22,0],[11,10],[19,-12],[6,14],[15,-1],[19,-17],[8,-20],[7,8],[9,-23],[19,-13],[35,1],[17,-34],[19,-2],[6,11],[32,15],[18,-21],[9,-29],[17,-18],[7,-22],[11,0],[0,-138],[0,-223],[0,-166],[0,-250],[0,-195],[0,-222],[0,-139],[0,-250],[0,-194],[13,-20],[3,14],[12,-20],[11,28],[14,3],[-2,-53],[14,-35],[2,-25],[28,-98],[5,-64],[17,46],[6,1],[4,26],[0,33],[5,5],[1,25],[9,9],[13,24],[13,-48],[-3,-23],[5,-29],[6,-5],[9,-36],[5,-40],[10,-20],[13,-64],[0,-21],[6,-28],[17,-123],[9,-58],[-3,-22],[9,-10],[-2,-32],[6,-13],[2,-39],[6,2],[14,-36],[7,-7],[10,-26],[2,-22],[8,-3],[3,-39],[-4,-28],[1,-39],[4,-50],[-11,-72],[-9,-28],[-6,12],[-1,48],[-3,13],[5,38],[0,71],[-8,52],[-7,4],[-9,-23],[-6,-74],[-6,17],[-3,29],[9,51],[2,41],[-2,25],[-15,47],[-1,30],[-9,30],[2,10],[-9,22],[-13,18],[5,30],[-5,72],[-14,68],[-2,25],[-10,29],[-8,9],[-10,82],[-2,56],[-4,-8],[-1,-28],[6,-58],[-1,-4],[5,-58],[-3,-17],[-5,6],[-3,28],[-6,6],[-7,-9],[1,28],[-7,58],[-3,-16],[-17,40],[-2,-13],[12,-17],[11,-61],[0,-26],[-8,-9],[-6,11],[-3,-13],[-8,23],[-5,-1],[-13,41],[-9,35],[-1,23],[-9,30],[-32,59],[-9,30],[8,33],[-6,39],[-4,-20],[-14,-22],[-8,1],[-23,33],[5,12],[-3,17],[-10,-14],[-7,13],[-23,16],[-22,-12],[-9,-10],[-8,28],[-10,9],[-6,22],[-3,50],[-10,-38],[-9,15],[-11,1],[8,29],[-9,15],[-6,-9],[-10,22],[1,12],[-8,41],[-11,-3],[-1,-15],[-8,9],[-9,-28],[-9,35],[-4,-38],[3,-37],[8,-35],[-10,-31],[0,-28],[-8,-34],[-9,-3],[-8,14],[-16,-23],[-2,-33],[-3,0],[-11,-46],[-6,11],[-2,-17],[-12,-28],[-3,-18],[-7,10],[-8,-18],[-8,29],[2,19],[17,28],[-13,23],[-4,20],[5,48],[7,28],[5,67],[-4,34],[10,13],[17,48],[12,-23],[12,15],[-13,31],[12,48],[-3,8],[-7,-39],[-13,1],[-5,12],[-12,-29],[-2,-19],[-12,-13],[-5,-15],[-2,-31],[-14,-53],[2,-15],[-10,-33],[1,-25],[-4,-35],[-8,-14],[-1,-24],[-12,-9],[-7,-37],[-10,-16],[-3,-66],[13,6],[11,-33],[-3,-31],[-7,-21],[-6,-1],[-5,-23],[-2,-53],[-18,-41],[-7,3],[-1,-23],[-7,-11],[-2,-22],[-26,-59],[-7,-82],[-5,1],[-12,-41],[-6,0],[-14,-23],[1,-34],[-15,-7],[1,-42],[-2,-34],[-11,-5],[-2,-18],[-18,-8],[-2,-12],[-13,-17],[-8,-21],[-3,-23],[-8,-9],[-4,14],[-10,-32],[-7,6],[4,36],[-7,8],[-2,-42],[-7,-51],[-7,-17],[-6,0],[-5,24],[-5,-44],[-7,32],[-7,-21],[-1,24],[10,10],[2,19],[7,18],[12,64],[11,34],[10,14],[12,-12],[6,-28],[3,23],[5,1],[-1,27],[5,51],[18,58],[8,9],[13,34],[9,-4],[0,45],[10,56],[6,15],[11,46],[3,89],[5,14],[-4,27],[1,28],[13,50],[-1,30],[-13,-26],[-17,-26],[-7,30],[-11,9],[1,-57],[-2,-22],[-6,4],[-9,63],[-10,30],[-5,-28],[-4,23],[-5,5],[-3,30],[-13,-41],[-2,6],[-11,-18],[-2,-25],[-6,-11],[-10,6],[4,24],[-1,49],[-6,41],[2,30],[7,21],[-14,100],[-1,21],[-6,14],[-2,-40],[-6,1],[-10,-27],[-14,-11],[-14,6],[-1,30],[-10,36],[-14,31],[-9,45],[9,25],[-1,14],[7,21],[3,-13],[11,-7],[2,-19],[7,17],[4,-8],[1,-30],[9,18],[-2,26],[-13,10],[-16,-2],[-2,15],[-14,-2],[2,27],[-8,18],[-7,-3],[0,26],[-9,23],[4,22],[-10,0],[-1,15],[8,21],[-6,22],[14,6],[-4,22],[1,29],[16,76],[9,20],[-2,42],[8,55],[13,25],[11,-7],[11,-37],[7,5],[14,42],[10,51],[6,-11],[16,-5],[8,8],[11,46],[-5,96],[-14,52],[12,-3],[6,26],[-2,32],[-8,25],[-7,-32],[-8,4],[-10,-14],[-15,-41],[-6,-1],[-12,28],[-8,-16],[-23,5],[-19,-27],[-32,26],[-8,28],[2,32],[-10,31],[11,41],[-16,21],[-13,3],[-19,36],[7,24],[7,1],[8,35],[7,-6],[9,35],[23,35],[4,15],[13,22],[7,-3],[9,26],[20,10],[7,-20],[-3,-41],[-6,-13],[11,-27],[26,5],[3,-13],[13,7],[9,-13],[8,48],[16,-3],[-4,19],[-17,12],[-15,61],[-4,1],[-6,32],[9,12],[8,-36],[-1,-20],[13,-41],[11,16],[12,-31],[15,5],[1,25],[-19,27],[-17,-26],[-10,32],[3,47],[-3,20],[-16,-12],[-9,11],[-26,10],[-4,44],[-9,54],[-36,84],[-14,15],[-17,42],[8,39],[1,60],[16,-3],[36,13],[21,36],[13,58],[5,70],[12,32],[1,18],[13,43],[19,-4],[14,17],[25,55],[8,32],[9,-8],[36,14],[23,45],[12,45],[10,19]]],"transform":{"scale":[0.035803055403140306,0.005247884170417026],"translate":[-178.21381588399987,18.93288639000015]}}